Damon_Marbrand -> Addam_Marbrand
Addam_Marbrand -> 
Addison_Hill -> 
Adrack_Humble -> 
Adrian_Tarbeck -> 
Daemon_I_Blackfyre -> Aegon_Blackfyre
Aegon_Blackfyre -> 
Stevron_Frey -> Ryman_Frey, Walton_Frey
Aegon_Frey -> 
Aenys_Frey -> Aegon_Frey_(son_of_Aenys), Rhaegar_Frey
Tyana_Wylde -> Rhaegar_Frey
Aegon_Frey_(son_of_Aenys) -> 
Aerion_Targaryen_(son_of_Daemion) -> Aegon_I_Targaryen, Visenya_Targaryen, Rhaenys_Targaryen, Orys_Baratheon
Valaena_Velaryon -> Aegon_I_Targaryen, Rhaenys_Targaryen, Visenya_Targaryen
Aegon_I_Targaryen -> Aenys_I_Targaryen, Maegor_I_Targaryen
Viserys_I_Targaryen -> Aegon_II_Targaryen
Alicent_Hightower -> Aegon_II_Targaryen, Helaena_Targaryen, Aemond_Targaryen, Daeron_Targaryen_(the_Daring)
Aegon_II_Targaryen -> Jaehaera_Targaryen, Maelor_Targaryen
Daemon_Targaryen -> Aegon_III_Targaryen, Viserys_II_Targaryen, Visenya_Targaryen_(daughter_of_Rhaenyra), Rhaena_Targaryen_(daughter_of_Laena_Velaryon), Baela_Targaryen
Rhaenyra_Targaryen -> Jacaerys_Velaryon, Lucerys_Velaryon, Joffrey_Velaryon, Aegon_III_Targaryen, Viserys_II_Targaryen, Visenya_Targaryen_(daughter_of_Rhaenyra)
Aegon_III_Targaryen -> Daeron_I_Targaryen, Baelor_I_Targaryen, Daena_Targaryen, Rhaena_Targaryen, Elaena_Targaryen
Viserys_II_Targaryen -> Aegon_IV_Targaryen, Aemon_Targaryen_(the_Dragonknight), Naerys_Targaryen
Larra_Rogare -> Aegon_IV_Targaryen
Aegon_IV_Targaryen -> Daeron_II_Targaryen, Daenerys_Martell, Daemon_Blackfyre, Alysanne_(daughter_of_Aegon_IV), Lily, Willow_(daughter_of_Aegon_IV), Rosey_(daughter_of_Aegon_IV), Bellanora_Otherys, Narha_Otherys, Balerion_Otherys, Aegor_Rivers, Mya_Rivers, Gwenys_Rivers, Brynden_Rivers, Shiera_Seastar
Aenys_I_Targaryen -> Aegon_Targaryen_(Son_of_Aenys_I)
Alyssa_Velaryon -> 
Aegon_Targaryen_(Son_of_Aenys_I) -> Aerea_Targaryen
Aerys_II_Targaryen -> Aegon_Targaryen_(son_of_Aerys_II)
Rhaella_Targaryen -> Rhaegar_Targaryen, Shaena_Targaryen, Daeron_Targaryen_(son_of_Aerys_II), Aegon_Targaryen_(son_of_Aerys_II), Jaehaerys_Targaryen_(son_of_Aerys_II), Viserys_Targaryen, Daenerys_Targaryen
Aegon_Targaryen_(son_of_Aerys_II) -> 
Alyssa_Targaryen -> Viserys_I_Targaryen, Daemon_Targaryen, Aegon_Targaryen_(Son_of_Baelon)
Aegon_Targaryen_(Son_of_Baelon) -> 
Gaemon_Targaryen_(son_of_Aenar) -> Aegon_Targaryen_(son_of_Gaemon), Elaena_Targaryen_(daughter_of_Gaemon)
Daenys_Targaryen -> Aegon_Targaryen_(son_of_Gaemon), Elaena_Targaryen_(daughter_of_Gaemon)
Aegon_Targaryen_(son_of_Gaemon) -> Maegon_Targaryen, Aerys_Targaryen_(son_of_Aegon)
Jaehaerys_I_Targaryen -> Aegon_Targaryen_(son_of_Jaehaerys_I), Alyssa_Targaryen, Daella_Targaryen_(daughter_of_Jaehaerys_I), Aeryn_Targaryen, Vaegon_Targaryen, Maegelle_Targaryen, Valerion_Targaryen, Viserra_Targaryen, Gaemon_Targaryen_(son_of_Jaehaerys_I), Saera_Targaryen, Gael_Targaryen
Alysanne_Targaryen -> Aegon_Targaryen_(son_of_Jaehaerys_I)
Aegon_Targaryen_(son_of_Jaehaerys_I) -> 
Rhaegar_Targaryen -> Rhaenys_Targaryen_(daughter_of_Rhaegar), Aegon_Targaryen_(son_of_Rhaegar)
Elia_Martell -> 
Aegon_Targaryen_(son_of_Rhaegar) -> 
Aegor_Rivers -> 
Aerys_Targaryen_(son_of_Aegon) -> Aelyx_Targaryen, Baelon_Targaryen_(son_of_Aerys), Daemion_Targaryen
Aelyx_Targaryen -> 
Daella_Targaryen_(daughter_of_Jaehaerys_I) -> Aemma_Arryn
Aemma_Arryn -> Rhaenyra_Targaryen, Baelon_Targaryen_(son_of_Viserys_I)
Aemon_(wildling) -> 
Aemon_Blackfyre -> 
Aemon_Targaryen_(Son_of_Jaehaerys_I) -> 
Maekar_I_Targaryen -> Aerion_Targaryen, Daeron_Targaryen, Aemon_Targaryen, Daella_Targaryen_(daughter_of_Maekar_I), Aegon_V_Targaryen, Rhae_Targaryen
Dyanna_Dayne -> Daeron_Targaryen_(Son_of_Maekar_I), Aerion_Targaryen, Aemon_Targaryen_(Son_of_Maekar_I), Aegon_V_Targaryen, Rhae_Targaryen
Aemon_Targaryen_(Son_of_Maekar_I) -> 
Aemond_Targaryen -> 
Aenar_Targaryen -> Daenys_Targaryen, Gaemon_Targaryen_(son_of_Aenar)
Walder_Frey -> Stevron_Frey, Emmon_Frey, Aenys_Frey, Perriane_Frey, Jared_Frey, Luceon_Frey, Hosteen_Frey, Lythene_Frey, Symond_Frey, Danwell_Frey, Merrett_Frey, Geremy_Frey, Raymund_Frey, Lothar_Frey, Jammos_Frey, Whalen_Frey, Morya_Frey, Tyta_Frey, Perwyn_Frey, Benfrey_Frey, Willamen_Frey, Olyvar_Frey, Roslin_Frey, Arwyn_Frey, Wendel_Frey, Colmar_Frey, Waltyr_Frey, Elmar_Frey, Shirei_Frey, Walder_Rivers
Perra_Royce -> Stevron_Frey, Emmon_Frey, Aenys_Frey, Perriane_Frey
Aerea_Targaryen -> 
Aerion_Targaryen -> Maegor_Targaryen_(son_of_Aerion)
Daemion_Targaryen -> Aerion_Targaryen_(son_of_Daemion)
Quellon_Greyjoy -> Harlon_Greyjoy, Quenton_Greyjoy, Donel_Greyjoy, Balon_Greyjoy, Euron_Greyjoy, Victarion_Greyjoy, Urrigon_Greyjoy, Aeron_Greyjoy, Robin_Greyjoy
Aeron_Greyjoy -> 
Aeryn_Targaryen -> 
Elaena_Targaryen_(daughter_of_Gaemon) -> Maegon_Targaryen, Aerys_Targaryen_(son_of_Aegon)
Aethan_Velaryon -> Alyssa_Velaryon
Aethelmure -> 
Aggo -> 
Agnes_Blackwood -> 
Aladale_Wynch -> 
Aladore_Florent -> 
Alan_Beesbury -> 
Alan_o%27_the_Oak -> 
Alan_Tarly -> 
Alannys_Harlaw -> 
Brandon_Stark_(Father_of_Walton) -> Alaric_Stark
Alaric_Stark -> Alarra_Stark
Alarra_Massey -> Alyssa_Velaryon
Alarra_Stark -> 
Alayaya -> 
Alayne_Royce -> 
Albar_Royce -> 
Albett -> 
Albin_Massey -> 
Alchemist -> 
Alester_Florent -> Melessa_Florent, Alekyne_Florent, Rhea_Florent
Alekyne_Florent -> 
Alerie_Hightower -> Willas_Tyrell, Garlan_Tyrell, Loras_Tyrell, Margaery_Tyrell
Hosman_Norcross -> Alester_Norcross, Renly_Norcross, Edric_Storm
Delena_Florent -> Edric_Storm, Alester_Norcross, Renly_Norcross
Alester_Norcross -> 
Alester_Oakheart -> 
Alfyn -> 
Alfyn_(Septon) -> 
All-for-Joffrey -> 
Allar -> 
Allar_Deem -> 
Alleras -> 
Alliser_Thorne -> 
Allyria_Dayne -> 
Alton_Greyjoy -> 
Alvyn_Sharp -> 
Alyce_Graceford -> 
Alyn -> 
Tytos_Blackwood -> Lucas_Blackwood, Hoster_Blackwood
Alyn_Blackwood -> 
Merrell_Bullock -> Alyn_Bullock, Howard_Bullock
Alyn_Bullock -> 
Alyn_Cockshaw -> 
Alyn_Connington -> 
Androw_Frey -> 
Ryella_Royce -> Ryella_Frey, Androw_Frey, Alyn_Frey, Hostella_Frey
Alyn_Frey -> 
Leslyn_Haigh -> Harys_Haigh, Donnel_Haigh, Alyn_Haigh
Alyn_Haigh -> 
Alyn_Marbrand -> Jeyne_Marbrand
Alyn_Orkwood -> 
Selmond_Stackspear -> Steffon_Stackspear, Alyn_Stackspear
Alyn_Stackspear -> 
Alyn_Stokeworth -> 
Alyn_Tarbeck -> 
Alys_Beesbury -> 
Alys_Karstark -> 
Alys_Karstark_(Wife_of_Brandon) -> Rodwell_Stark, Beron_Stark, Arsa_Stark
Alys_Oakheart -> 
Lyonel_Strong -> Harwin_Strong, Larys_Strong, Alys_Rivers
Alys_Rivers -> 
Alys_Stackspear -> Damon_Lannister_(son_of_Jason)
Cregan_Stark -> Rickon_Stark_(Son_of_Cregan), Sarra_Stark, Alys_Stark, Raya_Stark, Mariah_Stark, Jonnel_Stark, Edric_Stark_(Son_of_Cregan), Lyanna_Stark_(Daughter_of_Cregan), Barthogan_Stark, Brandon_Stark_(Son_of_Cregan)
Alysanne_Blackwood -> Sarra_Stark, Alys_Stark, Raya_Stark, Mariah_Stark
Alys_Stark -> 
Alysanne_(daughter_of_Aegon_IV) -> 
Jonos_Bracken -> Harry_Rivers
Alysanne_Bracken -> 
Jon_Bulwer -> Alysanne_Bulwer
Victaria_Tyrell -> Alysanne_Bulwer
Alysanne_Bulwer -> 
Alysanne_Farman -> 
Alyssa_Blackwood -> Lothar_Frey, Jammos_Frey, Whalen_Frey, Morya_Frey, Tyta_Frey
Amarei_Crakehall -> Hosteen_Frey, Lythene_Frey, Symond_Frey, Danwell_Frey, Merrett_Frey, Geremy_Frey, Raymund_Frey
Merrett_Frey -> 
Mariya_Darry -> Amerei_Frey, Walda_Frey_(Fat_Walda_Frey), Walder_Frey_(Little)
Amerei_Frey -> 
Amory_Lorch -> 
Humfrey_Bracken -> Amos_Bracken, Raylon_Rivers
Amos_Bracken -> 
Yohn_Royce -> Andar_Royce, Robar_Royce, Waymar_Royce, Ysilla_Royce
Andar_Royce -> 
Andrey_Charlton -> 
Andrey_Dalt -> 
Andrik -> 
Andros_Brax -> Tytos_Brax, Robert_Brax, Flement_Brax
Androw_Ashford -> 
Marq_Farman -> Franklyn_Farman, Androw_Farman
Androw_Farman -> 
Arwood_Frey -> Ryella_Frey, Androw_Frey, Alyn_Frey, Hostella_Frey
Anguy -> 
Annara_Farring -> 
Antario_Jast -> 
Anya_Waynwood -> Donnel_Waynwood
Archon%27s_Daughter_(Jaehaerys_I) -> 
Ardrian_Celtigar -> 
Edric_Stark_(Son_of_Cregan) -> 
Serena_Stark -> Cregard_Stark, Torrhen_Stark_(Son_of_Edric), Arrana_Stark, Aregelle_Stark
Aregelle_Stark -> 
Areo_Hotah -> 
Argilac_Durrandon -> Argella_Durrandon
Argella_Durrandon -> Davos_Baratheon
Doran_Martell -> Arianne_Martell, Quentyn_Martell, Trystane_Martell
Mellario_of_Norvos -> Arianne_Martell, Quentyn_Martell, Trystane_Martell
Arianne_Martell -> 
Arlan_of_Pennytree -> 
Armen -> 
Armond_Caswell -> 
Aron_Santagar -> 
Arra_Norrey -> Rickon_Stark_(Son_of_Cregan)
Arrana_Stark -> 
Arrec_Durrandon -> 
Arryk -> 
Arryk_Cargyll -> 
Jon_Arryn -> Robert_Arryn
Brandon_Stark_(Son_of_Cregan) -> Lonnel_Snow, Rodwell_Stark, Beron_Stark, Arsa_Stark
Arsa_Stark -> 
Arstan_Selmy -> 
Arthur_Dayne -> 
Torghen_Flint -> Donnel_Flint, Artos_Flint
Artos_Flint -> 
Beron_Stark -> Donnor_Stark, Willam_Stark, Artos_Stark
Lorra_Royce -> Donnor_Stark, Willam_Stark, Artos_Stark, Rodrik_Stark_(Son_of_Beron)
Artos_Stark -> 
Hosteen_Frey -> Arwood_Frey
Bellena_Hawick -> Arwood_Frey
Arwyn_Frey -> 
Arya_Flint -> Branda_Stark, Lyarra_Stark
Eddard_Stark -> Robb_Stark, Jon_Snow, Sansa_Stark, Arya_Stark, Bran_Stark, Rickon_Stark
Catelyn_Stark -> Robb_Stark, Sansa_Stark, Arya_Stark, Bran_Stark, Rickon_Stark
Arya_Stark -> 
Arys_Oakheart -> 
Balon_Greyjoy -> Asha_Greyjoy
Asha_Greyjoy -> 
Ashara_Dayne -> Jon_Snow
Aubrey_Crakehall -> 
Aurane_Waters -> 
Aurion -> 
Axell_Florent -> 
Ayrmidon -> 
Azor_Ahai -> 
Baelon_Targaryen -> 
Baelon_Targaryen_(son_of_Aerys) -> 
Baelon_Targaryen_(son_of_Viserys_I) -> 
Baelor_Blacktyde -> 
Daenaera_Velaryon -> Baelor_I_Targaryen
Baelor_I_Targaryen -> 
Balaq -> 
Balerion_Otherys -> 
Balman_Byrch -> 
Germund_Botley -> Balon_Botley, Quellon_Botley
Balon_Botley -> 
Balon_Swann -> 
Balon_Tawney -> 
Balon_V_Greyjoy -> 
Steffon_Baratheon -> Robert_I_Baratheon, Stannis_Baratheon, Renly_Baratheon
Cassana_Estermont -> 
Renly_Baratheon -> 
Barbara_Bracken -> 
Barbrey_Dustin -> 
Barneby -> 
Robert_I_Baratheon -> Joffrey_I_Baratheon, Myrcella_Baratheon, Tommen_Baratheon, Edric_Storm, Mya_Stone, Gendry, Barra, Bella
Barra -> 
Barre -> 
Lyonel_Selmy -> Barristan_Selmy
Barristan_Selmy -> 
Lynara_Stark -> Jonnel_Stark, Edric_Stark_(Son_of_Cregan), Lyanna_Stark_(Daughter_of_Cregan), Barthogan_Stark, Brandon_Stark_(Son_of_Cregan)
Barthogan_Stark -> 
Bass -> 
Category -> 
Bella -> 
Bellanora_Otherys -> 
Bellegere_Otherys -> Narha_Otherys, Balerion_Otherys
Bellonara_Otherys -> Bellegere_Otherys_(courtesan)
Bellegere_Otherys_(courtesan) -> 
Benard_Brune -> 
Benedict_I_Justman -> Benedict_II_Justman
Benedict_II_Justman -> 
Helman_Tallhart -> Benfred_Tallhart, Eddara_Tallhart
Benfred_Tallhart -> 
Benfrey_Frey -> 
Benifer -> 
Rickard_Stark -> Brandon_Stark, Eddard_Stark, Lyanna_Stark, Benjen_Stark
Lyarra_Stark -> Brandon_Stark, Eddard_Stark, Lyanna_Stark, Benjen_Stark
Benjen_Stark -> 
Benjen_Stark_(Lord) -> Rickon_Stark_(Son_of_Benjen), Bennard_Stark
Bennard_Stark -> Benjen_Stark_(Son_of_Bennard), Brandon_Stark_(Son_of_Bennard), Elric_Stark
Margaret_Karstark -> Benjen_Stark_(Son_of_Bennard), Brandon_Stark_(Son_of_Bennard), Elric_Stark
Benjen_Stark_(Son_of_Bennard) -> 
Samwell_Blackwood -> Benjicot_Blackwood
Benjicot_Blackwood -> 
Lysa_Locke -> Rickon_Stark_(Son_of_Benjen), Bennard_Stark
Sawane_Botley -> Harren_Botley, Tristifer_Botley, Symond_Botley, Harlon_Botley, Vickon_Botley, Bennarion_Botley
Bennarion_Botley -> 
Bennifer_Blackwood -> 
Benton_Glover -> 
Leobald_Tallhart -> Brandon_Tallhart, Beren_Tallhart
Berena_Hornwood -> Brandon_Tallhart, Beren_Tallhart
Beren_Tallhart -> 
Beric_Dondarrion -> 
Bernarr_II_Justman -> 
Beron_Blacktyde -> 
Bertrand_Tyrell -> 
Bess_Bracken -> 
Beth_Cassel -> 
Bethany_Blackwood -> 
Bethany_Bracken -> 
Bethany_Rosby -> Perwyn_Frey, Benfrey_Frey, Willamen_Frey, Olyvar_Frey, Roslin_Frey
Bharbo -> 
Big_Belly_Ben -> 
Billy_Burley -> 
Biter -> 
Black_Maris -> 
Blackshield -> 
Blood_(horse) -> 
Roose_Bolton -> Ramsay_Bolton
Ramsay_Bolton -> 
Boremund_Harlaw -> 
Boros_Blount -> 
Garth_Greenhand -> John_the_Oak, Gilbert_of_the_Vines, Florys_the_Fox, Maris_the_Maid, Foss_the_Archer, Owen_Oakenshield, Harlon_the_Hunter, Herndon_of_the_Horn, Bors_the_Breaker, Rose_of_Red_Lake, Ellyn_Ever_Sweet, Rowan_Gold-Tree, Garth_the_Gardener, Brandon_of_the_Bloody_Blade
Bors_the_Breaker -> 
Borys_Baratheon -> 
Bowen_Marsh -> 
Bran_Stark -> 
Rodrik_Stark_(son_of_Beron) -> Branda_Stark
Branda_Stark -> 
Brandon_of_the_Bloody_Blade -> 
Brandon_Stark_(Son_of_Bennard) -> 
Brandon_Stark_(The_Boisterous) -> 
Brandon_Tallhart -> 
Braxton_Beesbury -> King%27s_Landing
Brella -> 
Selwyn_Tarth -> 
Brienne_Tarth -> 
Bronn -> 
Brus_Buckler -> 
Walton_Frey -> Steffon_Frey, Walda_Frey_(daughter_of_Walton), Bryan_Frey
Deana_Hardyng -> Steffon_Frey, Walda_Frey_(daughter_of_Walton), Bryan_Frey
Bryan_Frey -> 
Bryen_Caron -> Bryce_Caron
Bryce_Caron -> 
Brynden_Blackwood -> 
Melissa_Blackwood -> Mya_Rivers, Gwenys_Rivers, Brynden_Rivers
Brynden_Rivers -> 
Brynden_Tully -> 
Bryndon_Hightower -> 
Bump -> 
Burton_Crakehall -> 
Burton_Humble -> 
Byan_Votyris -> 
Byron -> 
Byron_Swann -> 
Cadwyl -> 
Caleotte -> 
Calla_Blackfyre -> 
Captain%27s_Sister -> 
Lord_Staunton_(Father_of_Cassella) -> Cassella_Staunton
Cassella_Staunton -> 
Catelyn_Bracken -> 
Hoster_Tully -> Catelyn_Stark, Lysa_Arryn, Edmure_Tully
Minisa_Tully -> Catelyn_Stark, Lysa_Arryn, Edmure_Tully
Catspaw -> 
Cayn -> 
Cedric_Payne -> 
Tybolt_Lannister -> Cerelle_Lannister
Teora_Kyndall -> Cerelle_Lannister
Cerelle_Lannister -> 
Stafford_Lannister -> Daven_Lannister, Cerenna_Lannister, Myrielle_Lannister
Myranda_Lefford -> Daven_Lannister, Cerenna_Lannister, Myrielle_Lannister
Cerenna_Lannister -> 
Cerissa_Lannister -> Tybolt_Lannister, Gerold_Lannister
Tywin_Lannister -> Jaime_Lannister, Cersei_Lannister, Tyrion_Lannister
Joanna_Lannister -> Tyrion_Lannister, Jaime_Lannister, Cersei_Lannister
Cersei_Lannister -> Joffrey_I_Baratheon, Myrcella_Baratheon, Tommen_I_Baratheon
Ceryse_Hightower -> 
Chataya -> 
Chayle -> 
Chett -> 
Chiggen -> 
Clarent_Crakehall -> 
Clayton_Suggs -> 
Clegane_(Father_of_Gregor_and_Sandor) -> Gregor_Clegane, Sandor_Clegane
Clement_Piper -> Marq_Piper, Lewys_Piper
Emmon_Frey -> Cleos_Frey, Lyonel_Frey, Tion_Frey, Walder_Frey_(son_of_Emmon), Walder_Rivers
Genna_Lannister -> Cleos_Frey, Lyonel_Frey, Tion_Frey, Walder_Frey_(son_of_Emmon)
Cleos_Frey -> Tywin_Frey, Willem_Frey
Cletus_Yronwood -> 
Cleyton_Caswell -> 
Clydas -> 
Cohollo -> 
Coldhands -> 
Colemon -> 
Colin_Florent -> Delena_Florent, Omer_Florent, Merrell_Florent
Colmar_Frey -> 
Corlys_Velaryon_(brother_of_Aethan) -> 
Morgan_Wylde -> Coryanne_Wylde
Coryanne_Wylde -> 
Craghorn_Hoare -> 
Crake_the_Boarkiller -> 
Cregan_Karstark -> 
Rickon_Stark_(Son_of_Benjen) -> Cregan_Stark, Sara_Snow
Gilliane_Glover -> Cregan_Stark
Cregard_Stark -> 
Creighton_Longbough -> 
Cressen -> 
Creylen -> 
Culiper -> 
Cynthea_Frey -> 
Walderan_Tarbeck -> Rohanne_Tarbeck, Cyrelle_Tarbeck, Tion_Tarbeck
Ellyn_Reyne -> Rohanne_Tarbeck, Cyrelle_Tarbeck, Tion_Tarbeck
Cyrelle_Tarbeck -> 
Cyrenna_Swann -> Jared_Frey, Luceon_Frey
Daario_Naharis -> 
Maege_Mormont -> Dacey_Mormont, Lyanna_Mormont
Dacey_Mormont -> 
Dacks -> 
Daegon_Shepherd -> 
Daella_Targaryen_(daughter_of_Maekar_I) -> 
Daena_Targaryen -> Daemon_Blackfyre
Daemon_Blackfyre -> Aegon_Blackfyre, Aemon_Blackfyre, Calla_Blackfyre
Daenerys_I_Targaryen -> Rhaego
Daenerys_Targaryen_(daughter_of_Jaehaerys_I) -> 
Rhaegel_Targaryen -> Daenora_Targaryen
Daenora_Targaryen -> Maegor_Targaryen
Naerys_Targaryen -> 
Daeron_II_Targaryen -> Baelor_Targaryen_(son_of_Daeron_II), Aerys_I_Targaryen, Rhaegel_Targaryen, Maekar_I_Targaryen
Aegon_V_Targaryen -> Daeron_Targaryen_(son_of_Aegon_V)
Daeron_Targaryen_(son_of_Aegon_V) -> 
Daeron_Targaryen_(son_of_Aerys_II) -> 
Daeron_Targaryen_(Son_of_Maekar_I) -> 
Daeron_Targaryen_(the_Daring) -> 
Daeryssa -> 
Dagmer -> 
Dagon_Codd -> 
Dagon_Drumm -> 
Dagon_Greyjoy -> 
Dagon_Greyjoy_(Drunkard) -> 
Dale_Drumm -> 
Dalton_Greyjoy -> 
Damon_Lannister_(son_of_Jason) -> Damion_Lannister
Ella_Lannister -> Damion_Lannister
Damion_Lannister -> Lucion_Lannister, Lanna_Lannister
Damon_Darry -> 
Damon_Lannister_(lord) -> Tybolt_Lannister, Gerold_Lannister
Jason_Lannister_(son_of_Gerold) -> Lynora_Hill, Damon_Lannister_(son_of_Jason), Joanna_Lannister, Stafford_Lannister
Damon_Morrigen -> 
Damon_Paege -> 
Damon_Shett -> 
Danny_Flint -> 
Janos_Slynt -> Morros_Slynt, Danos_Slynt
Danos_Slynt -> 
Danwell_Frey -> 
Dareon -> 
Darlessa_Marbrand -> 
Darnold_Arryn -> 
Halys_Hornwood -> Daryn_Hornwood, Larence_Snow
Donella_Hornwood -> Daryn_Hornwood
Daryn_Hornwood -> 
Daughter_of_the_Dusk -> 
Daven_Lannister -> 
Davos_Baratheon -> 
Davos_Dayne -> 
Davos_Seaworth -> Dale_Seaworth, Allard_Seaworth, Devan_Seaworth
Denyo_Terys -> 
Denys_Darklyn -> 
Dunstan_Drumm -> Denys_Drumm, Donnel_Drumm
Denys_Drumm -> 
Denys_Swann -> 
Paxter_Redwyne -> 
Mina_Tyrell -> Horas_Redwyne, Hobber_Redwyne, Desmera_Redwyne
Desmera_Redwyne -> 
Desmond -> 
Desmond_Grell -> 
Devan_Seaworth -> 
Deziel_Dalt -> 
Dick_Follard -> 
Jammos_Frey -> Walder_Frey_(son_of_Jammos), Dickon_Frey, Mathis_Frey
Sallei_Paege -> Walder_Frey_(son_of_Jammos), Dickon_Frey, Mathis_Frey
Dickon_Frey -> 
Dickon_Morrigen -> 
Randyll_Tarly -> Samwell_Tarly, Dickon_Tarly, Talla_Tarly
Melessa_Florent -> Samwell_Tarly, Talla_Tarly, Dickon_Tarly
Dickon_Tarly -> 
Dobber -> 
Donal_Noye -> 
Donel_Greyjoy -> 
Donnel_Drumm -> 
Donnel_Flint -> 
Donnel_Haigh -> 
Donnel_Hightower -> 
Donnel_of_Duskendale -> 
Donnel_Waynwood -> 
Donnis -> 
Donnor_Saltcliffe -> 
Donnor_Stark -> 
Dontos_Hollard -> 
Doreah -> 
Tormund -> Dormund
Dormund -> 
Harys_Swyft -> Dorna_Swyft, Steffon_Swyft, Shierle_Swyft
Dorna_Swyft -> Lancel_Lannister, Willem_Lannister, Martyn_Lannister, Janei_Lannister
Drogo -> Rhaego
Dryn -> 
Duncan_the_Tall -> 
Dunstan_Pryor -> 
Duram_Bar_Emmon -> 
Durran -> Durran_Durrandon_(the_Devout)
Durran_II_Durrandon -> 
Durwald_I_Durrandon -> 
Duskendale_Captain -> 
Dusky_Woman -> 
Dykk_Harlaw -> 
Dywen -> 
Ebrose -> 
Eddara_Tallhart -> 
Rickard_Karstark -> Harrion_Karstark, Torrhen_Karstark, Eddard_Karstark, Alys_Karstark
Eddard_Karstark -> 
Eddison_Tollett -> 
Edgar_Sloane -> 
Edgerran_Oakheart -> 
Edmund_Blackwood -> 
Edmyn_Tully -> 
Edric_Dayne -> 
Edric_Stark -> 
Edric_Storm -> 
Edwell_Celtigar -> Prunella_Celtigar, Prudence_Celtigar
Willam_Stark -> Edwyle_Stark
Melantha_Blackwood -> Edwyle_Stark, Jocelyn_Stark
Edwyle_Stark -> Rickard_Stark
Ryman_Frey -> Edwyn_Frey, Walder_Frey_(Black), Petyr_Frey
Edwyn_Frey -> 
Edyth -> 
Eerl_Harlaw -> 
Elder_Brother -> 
Eldred_Codd -> 
Gawen_Westerling -> Raynald_Westerling, Jeyne_Westerling, Eleyna_Westerling, Rollam_Westerling
Sybell_Spicer -> Raynald_Westerling, Jeyne_Westerling, Eleyna_Westerling, Rollam_Westerling
Eleyna_Westerling -> 
Elinda_Massey -> 
Elinor_Massey -> 
Theodore_Tyrell -> Elinor_Tyrell, Luthor_Tyrell_(son_of_Theodore)
Lia_Serry -> Elinor_Tyrell, Luthor_Tyrell_(son_of_Theodore)
Elinor_Tyrell -> 
Ella_Broome -> 
Ellard_Crane -> 
Ellard_Stark -> 
Harmen_Uller -> Ellaria_Sand
Ellaria_Sand -> 
Ellyn_Ever_Sweet -> 
Robert_Reyne -> Roger_Reyne, Reynard_Reyne, Ellyn_Reyne
Elmar_Frey -> 
Elmo_Tully -> Kermit_Tully, Oscar_Tully
Elric_Stark -> 
Elwood_Meadows -> 
Elyas_Scales -> 
Elyn_Norridge -> Theodore_Tyrell, Medwick_Tyrell, Olene_Tyrell
Elys_Arryn -> 
Elys_Waynwood -> Jasper_Waynwood
Elys_Westerling -> 
Elysar -> 
Lothar_Frey -> 
Leonella_Lefford -> Tysane_Frey, Walda_Frey_(daughter_of_Lothar), Emberlei_Frey, Leana_Frey
Emberlei_Frey -> 
Emma -> 
Emmett -> 
Emmon_Cuy -> 
Emmond -> 
Emory_Hill -> 
Endrew_Tarth -> 
Robett_Glover -> 
Erena_Glover -> 
Erich_Hoare -> 
Urras_Greyiron -> Erich_I_Greyiron
Erich_I_Greyiron -> 
Erich_V_Harlaw -> Harron_Harlaw
Erich_VII_Durrandon -> 
Ermesande_Hayford -> 
Ryam_Florent -> Selyse_Florent, Imry_Florent, Erren_Florent
Erren_Florent -> 
Erryk -> 
Erryk_Cargyll -> 
Essie -> 
Ethan_Glover -> 
Falena_Stokeworth -> 
Tanda_Stokeworth -> Falyse_Stokeworth, Lollys_Stokeworth
Falyse_Stokeworth -> 
Fergon_Hoare -> 
Flement_Brax -> Robert_Brax_(son_of_Flement), Walder_Brax, Jon_Brax
Fletcher_Dick -> 
Florian_the_Fool -> 
Florys_the_Fox -> House_Florent, House_Ball, House_Peake
Syrio_Forel -> 
Forley_Prester -> 
Foss_the_Archer -> 
Franklyn_Farman -> 
Franklyn_Flowers -> 
Free_Folk -> 
Frenken -> 
Gael_Targaryen -> 
Gaemon_Palehair -> 
Gaemon_Targaryen_(son_of_Jaehaerys_I) -> 
Gage -> 
Galbart_Glover -> 
Gared -> 
Gareth_Clifton -> 
Gareth_II_Gardener -> 
Garibald_Grey -> 
Mace_Tyrell -> Willas_Tyrell, Garlan_Tyrell, Loras_Tyrell, Margaery_Tyrell
Garlan_Tyrell -> 
Garrison_Prester -> 
Garse_Goodbrook -> Walder_Goodbrook, Jeyne_Goodbrook
Garse_VII_Gardener -> 
Garth_Greenfield -> 
Garth_the_Gardener -> 
Garth_Tyrell -> 
Gawen_Glover -> 
Gawen_Wylde -> 
Gendry -> 
Tytos_Lannister -> Tywin_Lannister, Kevan_Lannister, Tygett_Lannister, Gerion_Lannister, Genna_Lannister
Jeyne_Marbrand -> Tywin_Lannister, Kevan_Lannister, Genna_Lannister, Tygett_Lannister, Gerion_Lannister
Gerald_Gower -> 
Geremy_Frey -> Cynthea_Frey
Gerion_Lannister -> 
Gerold_III_Lannister -> 
Gerold_Lannister -> Tywald_Lannister, Tion_Lannister, Tytos_Lannister, Jason_Lannister_(son_of_Gerold)
Gerold_Templeton -> 
Gerrick_Kingsblood -> Gerrick_Kingsblood%27s_Youngest_Daughter
Gerrick_Kingsblood%27s_Youngest_Daughter -> 
Gevin_Harlaw -> 
Gilbert_Farring -> 
Gilbert_of_the_Vines -> 
Gilly -> 
Gilly%27s_son -> 
Quentyn_Ball -> Glendon_Flowers
Penny_Jenny -> Glendon_Flowers
Glendon_Flowers -> 
Godry_Farring -> 
Goren_Greyjoy -> 
Gormon_Massey -> 
Gormon_Peake -> 
Gormond_Drumm -> 
Gormond_Goodbrother -> 
Gorold_Goodbrother -> Gysella_Goodbrother, Gwin_Goodbrother, Greydon_Goodbrother, Gormond_Goodbrother, Gran_Goodbrother
Gran_Goodbrother -> 
Grance_Morrigen -> 
Green_Queen -> 
Greenbeard -> 
Gregor_Clegane -> 
Gregor_Goode -> 
Grenn -> 
Grey_King -> 
Grey_Kings -> 
Grey_Wind -> 
Greydon_Goodbrother -> 
Balon_IX_Greyjoy -> Rodrik_Greyjoy, Maron_Greyjoy, Theon_Greyjoy, Asha_Greyjoy
House_Sunderly -> Euron_III_Greyjoy
Euron_III_Greyjoy -> 
Griffith_Goode -> 
Grover_Tully -> 
Guncer_Sunglass -> 
Gwayne_Gaunt -> 
Gwayne_Hightower -> 
Gwenys_Rivers -> 
Gwin_Goodbrother -> 
Gwynesse_Harlaw -> 
Gylbert_Farman -> 
Gylbert_Farwynd -> Gyles_Farwynd, Ygon_Farwynd, Yohn_Farwynd
Gyldayn -> 
Gyles_Farwynd -> 
Gyles_II_Gardener -> 
Gyles_Rosby -> 
Gysella_Goodbrother -> 
Haegon_Blackfyre -> 
Haereg -> 
Haggo -> 
Haggon -> 
Harmund_II_Hoare -> Harmund_III_Hoare, Hagon_Hoare
Lelia_Lannister -> Harmund_III_Hoare, Hagon_Hoare
Hagon_Hoare -> 
Hake -> 
Hal_(Hairy) -> 
Halder -> 
Qhorin -> 
Hali -> 
Halleck -> 
Harwyn_Hoare -> Halleck_Hoare
Halleck_Hoare -> Harren_Hoare, Lord_Commander_Hoare
Hallis_Hornwood -> 
Hallis_Mollen -> 
Hallyne -> 
Hareth -> 
Qhorwyn_Hoare -> Harlan_Hoare, Harwyn_Hoare
Harlan_Hoare -> 
Harlon_Botley -> 
Harlon_Greyjoy -> 
Harlon_the_Hunter -> 
Harma -> 
Harmond_Umber -> 
Harmund_I_Hoare -> 
Harmund_III_Hoare -> 
Harmund_Sharp -> Harrag_Sharp
Harrag_Hoare -> Ravos_Hoare
Harrag_Sharp -> 
Harras_Harlaw -> 
Harras_Hoare -> 
Harren_Botley -> 
Harren_Hoare -> 
Harren_the_Red -> 
Harrion_Karstark -> 
Harrold_Hardyng -> 
Harrold_Langward -> 
Harrold_Rogers -> 
Harrold_Swyft -> 
Harrold_Westerling -> 
Harron_Harlaw -> 
Harry_Rivers -> 
Harry_Strickland -> 
Hullen -> Harwin
Harwin -> 
Harwin_Strong -> 
Perriane_Frey -> Harys_Haigh, Donnel_Haigh, Alyn_Haigh
Harys_Haigh -> 
Harys_Horpe -> 
Hendry_Bracken -> 
Henly_(Maester) -> 
Herndon_of_the_Horn -> 
Herrock_Kenning -> 
Heward -> 
Hibald -> 
High_Lickspittle -> 
High_Septon_(Pater) -> 
High_Septon_(Tyrion%27s) -> 
Gerold_Hightower -> 
Hilmar_Drumm -> 
Hoarfrost_Umber -> Jon_Umber_(Greatjon)
Hobb -> 
Hobber_Redwyne -> 
Hobert_Hightower -> 
Hodor -> 
Hoke -> 
Holly -> 
Hop-Robin -> 
Horas_Redwyne -> 
Horgan_Hoare -> 
Horton_Redfort -> Jon_Redfort, Mychel_Redfort
Horys_Hill -> 
Hostella_Frey -> 
Hoster_Blackwood -> 
Whalen_Frey -> Hoster_Frey, Merianne_Frey
Sylwa_Paege -> Hoster_Frey, Merianne_Frey
Hoster_Frey -> 
Hot_Pie -> 
Hotho_Harlaw -> 
Howard_Bullock -> 
Hubard_Rambton -> 
Hubert_Arryn -> 
Hugh -> 
Hugh_Clifton -> 
Hugh_Hammer -> 
Hugo_Wull -> 
Humfrey -> 
Humfrey_Beesbury -> 
Humfrey_Clifton -> 
Humfrey_Hardyng -> 
Humfrey_Swyft -> 
Illifer -> 
Illyrio_Mopatis -> 
Ilyn_Payne -> 
Imry_Florent -> 
Irri -> 
Jacaerys_Velaryon -> 
Jacelyn_Bywater -> 
Jack_Bulwer -> 
Jack_Musgood -> 
Jacks -> 
Jafer_Flowers -> 
Jaime_Lannister -> Joffrey_Baratheon, Myrcella_Baratheon, Tommen_Baratheon
Jalabhar_Xho -> 
Kevan_Lannister -> Lancel_Lannister, Martyn_Lannister, Willem_Lannister, Janei_Lannister
Janei_Lannister -> 
Luthor_Tyrell -> Mace_Tyrell, Mina_Tyrell, Janna_Tyrell
Olenna_Tyrell -> Mina_Tyrell, Mace_Tyrell, Janna_Tyrell
Janna_Tyrell -> 
Jaqen_H%27ghar -> 
Jared_Frey -> 
Jaremy_Rykker -> 
Jason_Lannister -> 
Rohanne_Webber -> Tywald_Lannister, Tion_Lannister, Tytos_Lannister, Jason_Lannister_(son_of_Gerold)
Jasper_Waynwood -> 
Jax -> 
Jayne_Bracken -> 
Jennis_Templeton -> 
Jenye_Westling -> 
Jeren -> 
Jeyne_Beesbury -> Walda_Frey_(daughter_of_Rhaegar), Jonos_Frey
Jeyne_Darry -> Tywin_Frey, Willem_Frey
Jeyne_Farman -> 
Kyra_Frey -> Walder_Goodbrook, Jeyne_Goodbrook
Jeyne_Goodbrook -> 
Jeyne_Manderly -> Serena_Stark, Sansa_Stark_(Daughter_of_Rickon)
Vayon_Poole -> Jeyne_Poole
Jeyne_Poole -> 
Elaena_Targaryen -> Jeyne_Waters
Jeyne_Waters -> 
Jeyne_Westerling -> 
Jeyne_Westerling_(Wife_of_Maegor_I) -> 
Jhiqui -> 
Jhogo -> 
Jirelle_Mooton -> 
Marla_Prester -> Joanna_Lannister, Stafford_Lannister
Steffon_Swyft -> 
Joanna_Swyft -> 
Jocasta_Lannister -> 
Jocelyn_Stark -> 
Jocelyn_Swyft -> 
Joffrey_Caswell -> 
Joffrey_I_Baratheon -> 
Joffrey_Lannister -> 
Joffrey_Lonmouth -> 
Johanna_Westerling -> 
John_the_Oak -> 
Jojen_Reed -> 
Jommo -> 
Jon_Bettley -> 
Morya_Frey -> Robert_Brax_(son_of_Flement), Walder_Brax, Jon_Brax
Jon_Brax -> 
Jon_Brightstone -> 
Jon_Cafferen -> 
Jon_Connington -> 
Jon_Florent -> 
Jon_Heddle -> 
Jon_Hogg -> 
Jon_Mooton -> 
Jon_Myre -> 
Jon_Penrose -> 
Jon_Piper -> 
Jon_Redfort -> 
Jon_Roxton -> 
Jon_Stark -> Rickard_Stark_(king)
Jon_Umber_(Greatjon) -> 
Jon_Umber_(Husband_of_Serena) -> 
Jon_Waters -> 
Jonah_Mooton -> 
Jonnel_Stark -> 
Jonos_Arryn -> 
Rhaegar_Frey -> Jonos_Frey
Jonos_Frey -> 
Jonothor_Darry -> 
Jonquil -> 
Jonquil_Darke -> 
Joron_I_Blacktyde -> 
Jorquen -> 
Martyn_Cassel -> Jory_Cassel
Jory_Cassel -> 
Joseran -> 
Joseth_Mallister -> 
Joss_Stillwood -> 
Josua_Massey -> 
Joy_Hill -> 
Joyeuse_Erenford -> 
Jurene -> 
Justin_Massey_(Milk-Eye) -> 
Jyck -> 
Kaeth -> 
Karlon_Stark -> 
Karyl_Vance -> 
Kedge -> 
Kegs -> 
Kella -> 
Kermit_Tully -> 
Kezmya_Pahl -> 
Kindly_Man -> 
Kurleket -> 
Kyra -> 
Laenor_Velaryon -> Jacaerys_Velaryon, Lucerys_Velaryon, Joffrey_Velaryon
Lambert_Turnberry -> 
Lancel_Lannister -> 
Lanna_Lannister -> 
Tygett_Lannister -> Tyrek_Lannister
Tyrek_Lannister -> 
Larence_Snow -> 
Lark -> 
Larys_Strong -> 
Last_hero -> 
Rohanne_Tarbeck -> Last_Lord_Tarbeck
Last_Lord_Tarbeck -> 
Laswell_Peake -> 
Leana_Frey -> 
Leathers -> 
Lem_Lemoncloak -> 
Lenwood_Tawney -> 
Leo_Blackbar -> 
Leo_Tyrell_(son_of_Moryn) -> 
Victor_Tyrell -> Victaria_Tyrell, Leo_Tyrell_(son_of_Victor)
Leo_Tyrell_(son_of_Victor) -> 
Leona_Woolfield -> Wynafryd_Manderly, Wylla_Manderly
Leonette_Fossoway -> 
Lester -> 
Lew -> 
Lew_(Winterfell_Guard) -> 
Lewys_Lydden -> 
Lewys_Piper -> 
Lharys -> 
Lianna_Velaryon -> 
Lily -> 
Lodos_(I) -> 
Lodos_(II) -> 
Lomys -> 
Wylla_Fenn -> Lonnel_Snow
Lonnel_Snow -> 
Loras_Tyrell -> 
Lord_Commander_Hoare -> 
Lord_Commander_Qorgyle -> 
Lord_Commander%27s_Raven -> 
Lord_Sunglass -> 
Lord_Tarbeck_(Son_of_Alyn) -> 
Loren_I_Lannister -> 
Lorence_Roxton -> 
Lorent_Caswell -> 
Lorent_Lorch -> 
Loreon_I_Lannister -> 
Lorimar_Peake -> 
Lorimer -> 
Loron_Greyjoy -> 
Loron_Greyjoy_(lord) -> 
Lothar_Bracken -> 
Lothor_Brune -> 
Lucamore_Strong -> 
Lucas_Blackwood -> 
Lucas_Codd -> 
Lucas_Corbray -> 
Lucas_Roote -> 
Luceon_Frey -> 
Lucifer_Hardy -> 
Lucifer_Justman -> 
Lucifer_Massey -> 
Lucimore_Botley -> 
Lucinda_Tully -> 
Shiera_Crakehall -> Lucion_Lannister, Lanna_Lannister
Lucion_Lannister -> 
Luthor_Tyrell_(son_of_Moryn) -> Theodore_Tyrell, Medwick_Tyrell, Olene_Tyrell
Luthor_Tyrell_(son_of_Theodore) -> 
Luwin -> 
Lyanna_Mormont -> 
Lyanna_Stark -> 
Lyanna_Stark_(Daughter_of_Cregan) -> 
Rodrik_Stark -> 
Roland_Crakehall -> Tybolt_Crakehall, Lyle_Crakehall, Merlon_Crakehall
Lyle_Crakehall -> 
Raymun_Darry -> Lyman_Darry
Lyman_Darry -> 
Lyman_Lannister -> Tyler_Hill
Lymond_Goodbrook -> 
Lymond_Hightower -> 
Lymond_Mallister -> 
Lymond_Vikary -> 
Lyn_Corbray -> 
Lynora_Hill -> 
Lyonce -> 
Lyonel_Baratheon -> Ormund_Baratheon
Lyonel_Corbray -> 
Lyonel_Frey -> 
Lysa_Arryn -> Robert_Arryn
Lysa_Farman -> 
Lysa_Meadows -> Raymund_Tyrell, Rickard_Tyrell, Megga_Tyrell
Lythene_Frey -> 
Mad_Huntsman -> 
Maegelle_Targaryen -> 
Maegon_Targaryen -> 
Maelor_Targaryen -> 
Maelys_Blackfyre -> 
Maia_Stokeworth -> 
Maldon_Massey -> 
Malegorn_of_Redpool -> 
Malleon -> 
Jason_Mallister -> Patrek_Mallister
Mallor_the_Dornishman -> 
Mandon_Moore -> 
Manfred_Dondarrion -> 
Manfred_Swann -> 
Manfrey_Martell -> 
Manfryd_Merlyn -> 
Manfryd_Mooton -> 
Manfryd_Redwyne -> Rickard_Redwyne, Ryam_Redwyne
Manfryd_Yew -> 
Manly_Stokeworth -> 
Marghaz_zo_Loraq -> 
Margot_Lannister -> 
Mariah_Stark -> 
Marillion -> 
Maris_the_Maid -> Peremore_Hightower
Mark_Mullendore -> 
Marlon_Manderly -> 
Marna_Locke -> Rickard_Stark
Maron_Botley -> 
Maron_Greyjoy -> 
Maron_Volmark -> 
Marq_Piper -> 
Marqelo_Tagaros -> 
Marsella_Waynwood -> Walton_Frey
Lewyn_Martell -> 
Mors_Martell -> 
Martyn_Lannister -> 
Martyn_Mullendore -> 
Martyn_Rivers -> 
Maryam -> 
Masha_Heddle -> 
Maslyn -> 
Baelor_Targaryen -> Matarys_Targaryen
Matarys_Targaryen -> 
Mathis_Frey -> 
Mathis_Rowan -> 
Matthar -> 
Mattheus -> 
Matthew_Mullendore -> 
Medgar_Tully -> 
Medrick -> 
Medwick_Tyrell -> 
Howland_Reed -> 
Meera_Reed -> 
Olymer_Tyrell -> Raymund_Tyrell, Rickard_Tyrell, Megga_Tyrell
Megga_Tyrell -> 
Meha -> 
Melara_Crane -> Melessa_Florent, Alekyne_Florent, Rhea_Florent
Meldred_Merlyn -> 
Melesa_Crakehall -> 
Melisandre -> 
Melony_Piper -> 
Melwyn_Sarsfield -> 
Merianne_Frey -> 
Meribald -> 
Merlon_Crakehall -> 
Mern_IX_Gardener -> 
Merrell_Florent -> 
Mervyn_Flowers -> 
Meryn_Trant -> 
Mikken -> 
Mirri_Maz_Duur -> 
Mohor -> 
Mollander -> 
Moon_(Septon) -> 
Moon_Boy -> 
Mord -> 
Mordane -> 
Moreo_Tumitis -> 
Morgan_Dunstable -> 
Morgan_Hightower -> 
Morgarth -> 
Morgon_Banefort -> 
Jeor_Mormont -> Jorah_Mormont
Jorah_Mormont -> 
Moro -> 
Morrec -> 
Morros_Slynt -> 
Mors_II_Martell -> 
Mullin -> 
Mully -> 
Munda -> 
Murenmure -> 
Mya_Rivers -> 
Mycah -> 
Mychel_Redfort -> 
Myles -> 
Myles_Mooton -> 
Myles_Toyne -> 
Myrcella_Baratheon -> 
Myriame_Manderly -> 
Myrielle_Lannister -> 
Mysaria -> 
Naggle -> 
Narha_Otherys -> 
Night%27s_King -> 
Norbert_Vance -> 
Norjen -> 
Norman_Hightower -> 
Normund -> 
Norne_Goodbrother -> 
Norren -> 
Notch -> 
Nute_the_Barber -> 
Nymeria -> 
Oberyn_Martell -> Obara_Sand, Nymeria_Sand, Tyene_Sand
Nymeria_Sand -> 
Obara_Sand -> 
Old_Nan -> 
Olene_Tyrell -> 
Ollidar -> 
Quentin_Tyrell -> Olymer_Tyrell
Olyvar_Frey -> 
Olyvar_Yronwood -> 
Olyver_Bracken -> 
Omer_Blackberry -> 
Omer_Florent -> 
Ondrew_Locke -> 
Orbert_Caswell -> 
Ormond_Westerling -> 
Ormund_Baratheon -> Steffon_Baratheon
Ormund_Hightower -> 
Orryn_Baratheon -> 
Orton_Merryweather -> 
Orys_Baratheon -> Davos_Baratheon
Osbert_Serry -> Talbert_Serry
Oscar_Tully -> 
Osfryd_Kettleblack -> 
Osha -> 
Osmund_Kettleblack -> 
Osmund_Strong -> 
Osney_Kettleblack -> 
Osric_Stark -> 
Osric_Umber -> 
Oswald_Wode -> 
Oswell_Whent -> 
Oswyck -> 
Oswyn -> 
Othell_Yarwyck -> 
Othgar_Hoare_(the_Demonlover) -> 
Othgar_Hoare_(the_Soulless) -> 
Otho_Bracken -> 
Othor -> 
Ottyn_Wythers -> 
Owen_Costayne -> 
Owen_Oakenshield -> 
Oznak_zo_Pahl -> 
Patchface -> 
Pate -> 
Pate_of_Longleaf -> 
Pate_of_the_Blue_Fork -> 
Pate_the_Woodcock -> 
Patrek_Mallister -> 
Perceon_III_Gardener -> 
Uthor_of_the_High_Tower -> Peremore_Hightower
Peremore_Hightower -> 
Perianne_Moore -> 
Perkin_Follard -> 
Perwyn_Frey -> 
Petyr_Baelish -> 
Petyr_Frey -> 
Petyr_Piper -> 
Philip_Foote -> 
Plummer -> 
Podrick_Payne -> 
Polliver -> 
Porther -> 
Praed -> 
Prentys_Tully -> 
Preston_Greenfield -> 
Prince_that_was_Promised -> 
Prudence_Celtigar -> 
Prunella_Celtigar -> 
Puckens -> 
Pyat_Pree -> 
Pycelle -> 
Pyg -> 
Pypar -> 
Qalen -> 
Qarl_Corbray -> 
Qarl_Correy -> 
Qarl_Kenning -> 
Qarl_Shepherd -> 
Qarl_the_Maid -> 
Qarlton_II_Durrandon -> 
Qhored_I_Hoare -> 
Qhorin_Volmark -> 
Qotho -> 
Quaithe -> 
Quaro -> 
Quellon_Botley -> 
Quellon_Humble -> 
Quenten_Banefort -> 
Quenton_Greyjoy -> 
Quenton_Greyjoy_(cousin) -> 
Quentyn_Blackwood -> 
Quentyn_Martell -> 
Quincy_Cox -> 
Qyburn -> 
Qyle -> 
Ragged_Ralf -> 
Rakharo -> 
Ralf_Kenning -> 
Ralf_Stonehouse -> 
Rast -> 
Ravos_Hoare -> 
Raya_Stark -> 
Mance_Rayder -> 
Raylon_Rivers -> 
Raymont_Baratheon -> 
Raymun_Redbeard -> 
Raymund_Frey -> 
Raymund_Mallery -> 
Raymund_Tyrell -> 
Raynald_Westerling -> 
Raynard_Ruttiger -> 
Red_Oarsman -> 
Red_Princes -> 
Regenard_Estren -> 
Regis_Groves -> 
Regnar_Drumm -> 
Renfred_Rykker -> 
Renly_Norcross -> 
Rennifer_Longwaters -> 
Reynard_Reyne -> 
Reysen -> 
Rhae_Targaryen -> 
Rhaegal -> 
Rhaegal_I_Targaryen -> 
Myriah_Martell -> Rhaegel_Targaryen
Daenerys_Targaryen -> Rhaego
Rhaego -> 
Rhaelle_Targaryen -> Steffon_Baratheon
Rhalla_Targaryen -> 
Rhea_Florent -> 
Rhea_Royce -> 
Rhogoro -> 
Ricasso -> 
Richard_Horpe -> 
Richard_Roote -> 
Rickard_Redwyne -> 
Rickard_Stark_(king) -> 
Rickard_Thorne -> 
Rickard_Tyrell -> 
Rickon_Stark -> 
Rickon_Stark_(Son_of_Cregan) -> Serena_Stark, Sansa_Stark_(Daughter_of_Rickon)
Rob_the_Starvling -> 
Robar_Royce -> 
Robard_Cerwyn -> 
Robb_Reyne -> 
Robb_Rivers -> 
Robb_Stark -> 
Robert_Arryn -> 
Robert_Ashford -> 
Robert_Blackwood -> 
Robert_Blackwood_(209) -> 
Robert_Brax -> 
Robert_Brax_(son_of_Flement) -> 
Robert_Frey_(son_of_Rhaegar) -> 
Robert_Strong -> 
Robin_Darklyn -> 
Robin_Greyjoy -> 
Robin_Massey -> 
Robin_Ryger -> 
Robyn_Ryswell -> 
Roderick_Blackwood -> Shiera_Blackwood
Roderick_Dustin -> 
Roderick_Stark -> 
Rodrik_Cassel -> 
Rodrik_Greyjoy -> 
Rodrik_Harlaw -> 
Rodrik_Sparr -> 
Rodwell_Stark -> 
Roger_Corne -> 
Roger_of_Pennytree -> 
Roger_Reyne -> 
Rognar_II_Greyiron -> 
Roland_Crakehall_(Kingsguard) -> 
Roland_I_Arryn -> 
Roland_Westerling -> 
Rolder -> 
Rollam_Westerling -> 
Rolland_Darklyn -> 
Rolland_Longthorpe -> 
Rolley_of_Sisterton -> 
Rolly_Duckfield -> 
Rolph_Spicer -> 
Romny_Weaver -> 
Ronel_Rivers -> 
Ronnal_Baratheon -> 
Ronnel_Arryn_(king) -> 
Roone -> 
Rorge -> 
Roryn_Drumm -> 
Rosamund_Ball -> 
Rosamund_Lannister -> 
Rose_of_Red_Lake -> 
Rosey -> 
Rosey_(daughter_of_Aegon_IV) -> 
Roslin_Tully -> 
Rowan_Gold-Tree -> 
Roy_Connington -> 
Royce_Blackwood -> 
Rufus_Leek -> 
Rupert_Brax -> 
Rus -> 
Russell_Merryweather -> 
Rycherd_Crane -> 
Ryella_Frey -> 
Ryk -> 
Rylene_Florent -> 
Rymolf -> 
Rymond_Arryn -> 
Salladhor_Saan -> 
Sabitha_Frey -> 
Samantha_Stokeworth -> 
Samgood_of_Sour_Hill -> 
Samwell_Dayne -> 
Samwell_Rivers -> 
Samwell_Spicer -> 
Samwell_Stokeworth -> 
Samwell_Tarly -> 
Sandor_Clegane -> 
Sansa_Stark -> 
Sansa_Stark_(Daughter_of_Rickon) -> 
Sara_Snow -> 
Saranella -> 
Sargon_Botley -> Wex_Pyke
Sarra_Stark -> 
Sarya_Whent -> 
Satin -> 
Scarb -> 
Sebaston_Farman -> 
Selyse_Florent -> Shireen_Baratheon
Senelle -> 
Serra -> 
Serwyn -> 
Shadrich -> 
Shae -> 
Shaena_Targaryen -> 
Shagwell -> 
She-Wolves -> 
Shella_Whent -> 
Shiera_Blackwood -> 
Serenei_of_Lys -> Shiera_Seastar
Shiera_Seastar -> 
Shierle_Swyft -> 
Stannis_Baratheon -> Shireen_Baratheon
Shireen_Baratheon -> 
Shirei_Frey -> 
Shortear -> 
Shrike -> 
Shrykos -> 
Sigfry_Stonetree -> 
Sigfryd_Harlaw -> 
Sigorn -> 
Simon_Dondarrion -> 
Simon_Staunton_(Squire) -> 
Simon_Strong -> 
Skahaz_mo_Kandaq -> 
Skinchangers -> 
Small_Paul -> 
Smike -> 
Smiling_Knight -> 
Spotted_Pate -> 
Stallion_Who_Mounts_the_World -> 
Brandon_Stark -> 
The_Sparr -> Steffarion_Sparr
Steffarion_Sparr -> 
Steffon_Darklyn -> 
Steffon_Fossoway -> 
Steffon_Frey -> 
Steffon_Stackspear -> 
Stiv -> 
Lollys_Stokeworth -> 
Mya_Stone -> 
Sumner_Crakehall -> 
Surly_lad -> 
Sylas_Flatnose -> 
Sylvenna_Sand -> 
Symond_Botley -> 
Symond_Frey -> 
Symond_Templeton -> 
Taena_Merryweather -> Russell
Talbert_Serry -> 
Talla_Tarly -> 
Tarle -> 
Ternesio_Terys -> 
Tess -> 
The_Stonehouse -> 
Theo_Charlton -> 
Theo_Wull -> 
Theomore -> 
Theomore_Harlaw -> 
Theon_Greyjoy -> 
Thoren_Smallwood -> 
Thoros_of_Myr -> 
Three-Eyed_Crow -> 
Timeon -> 
Timotty_Snow -> 
Tion_Frey -> 
Tion_Lannister -> 
Tion_Tarbeck -> 
Titus_Peake -> 
Tobho_Mott -> 
Todder -> 
Todric -> 
Togarion_Bar_Emmon -> 
Tom_Codd -> 
Tom_Costayne -> 
Tom_Flowers -> 
Tom_of_Sevenstreams -> 
Tomard -> 
Tommen_Costayne -> 
Tommen_I_Baratheon -> 
Tommen_I_Lannister -> 
Tommen_II_Lannister -> 
Tommen_Tully -> Samwell_Rivers
Urragon_III_Greyiron -> Torgon_Greyiron
Torgon_Greyiron -> Urragon_IV_Greyiron
Torrhen_Karstark -> 
Torrhen_Stark_(Son_of_Edric) -> 
Torwyn_Greyjoy -> 
Torwynd -> 
Simon_Toyne -> 
Tregar -> 
Tristifer_Botley -> 
Triston_Farwynd -> 
Triston_Massey -> 
Triston_of_Tally_Hill -> 
Trystane_Martell -> 
Edmure_Tully -> 
Turnip -> 
Tybolt_Crakehall -> 
Tyene_Sand -> 
Tyler_Hill -> 
Margaery_Tyrell -> 
Tyrion_Lannister -> 
Tyrion_Tanner -> 
Tysane_Frey -> 
Tysha -> 
Tyta_Frey -> 
Tytos_Brax -> 
Tywald_Lannister -> 
Tywin_Frey -> 
Ulf_the_White -> 
Uller -> 
Umfred -> 
Umma -> 
Urragon_IV_Greyiron -> 
Urrathon_IV_Goodbrother -> 
Urrigon_Greyjoy -> 
Urron_Greyiron -> 
Urswyck -> 
Uther_Peake -> 
Utherydes_Wayn -> 
Utt -> 
Vaegon_Targaryen -> 
Vaellyn -> 
Valerion_Targaryen -> 
Varamyr -> 
Vardis_Egen -> 
Vargo_Hoat -> 
Varly -> 
Varys -> 
Veron_Greyjoy -> 
Vickon_Botley -> 
Victarion_Greyjoy -> 
Victor_the_Valiant -> 
Visenya_Targaryen -> Maegor_I_Targaryen
Viserra_Targaryen -> 
Viserys_III_Targaryen -> 
Viserys_Targaryen_(Son_of_Aenys_I) -> 
Vorian_Dayne -> 
Vortimer_Crane -> 
Waif -> 
Walda_Frey_(daughter_of_Lothar) -> 
Walda_Frey_(daughter_of_Merrett) -> 
Walda_Frey_(daughter_of_Rhaegar) -> 
Walda_Frey_(daughter_of_Walton) -> 
Walder_Brax -> 
Walder_Frey_(Black) -> 
Walder_Frey_(son_of_Emmon) -> 
Walder_Frey_(son_of_Jammos) -> 
Walder_Frey_(son_of_Merrett) -> 
Walder_Goodbrook -> 
Walder_Haigh -> 
Walder_Rivers -> 
Waldon_Wynch -> 
Walgrave -> 
Wallace_Massey -> 
Wallen -> 
Walter_Whent -> 
Walter_Wyl -> 
Walton_Stark_(Son_of_Brandon) -> 
Walton_Towers -> 
Waltyr_Frey -> 
Walys_Mooton -> 
Watt_of_Long_Lake -> 
Waymar_Royce -> 
Wayn -> 
Weeper -> 
Wendamyr -> 
Wendel_Frey -> 
Wendel_Manderly -> 
Wex_Pyke -> 
Wick_Whittlestick -> 
Will -> 
Will_Humble -> 
Willamen_Frey -> 
Willas_Tyrell -> 
Willem_Darry -> 
Willem_Frey -> 
Willem_Lannister -> 
William_Mooton -> 
Willis_Wode -> 
Willow_(daughter_of_Aegon_IV) -> 
Wineseller -> 
Woth -> 
Wulfgar_Hoare -> 
Wyl_of_Wyl -> 
Wyman_Manderly -> 
Wylis_Manderly -> Wynafryd_Manderly, Wylla_Manderly
Wylla -> 
Wylla_Manderly -> 
Wynafrei_Whent -> 
Wynafryd_Manderly -> 
Wynton_Stout -> 
Xaro_Xhoan_Daxos -> 
Yandry -> 
Ygon_Farwynd -> 
Ygritte -> 
Yohn_Farwynd -> 
Yorbert_Royce -> 
Yoren -> 
Yorko_Terys -> 
Ysabel -> 
Ysilla -> 
Ysilla_Royce -> 
Zollo -> 
